step,epoch,init_method,loss,grad_norm,learning_rate,train_runtime,train_samples_per_second,train_steps_per_second,total_flos,train_loss
10,1.7619047619047619,svd,2.2288,1.446321964263916,0.00014,,,,,
20,3.380952380952381,svd,0.846,0.20086559653282166,7.333333333333333e-05,,,,,
30,5.0,svd,0.7718,0.370179146528244,6.666666666666667e-06,,,,,
30,5.0,svd,,,,237.3906,1.706,0.126,8847208462417920.0,1.2822210629781088
