step,epoch,init_method,loss,grad_norm,learning_rate,train_runtime,train_samples_per_second,train_steps_per_second,total_flos,train_loss
10,1.7619047619047619,random,2.2279,1.405775785446167,0.00014,,,,,
20,3.380952380952381,random,0.8494,0.20331338047981262,7.333333333333333e-05,,,,,
30,5.0,random,0.7743,0.39268216490745544,6.666666666666667e-06,,,,,
30,5.0,random,,,,226.4083,1.789,0.133,8847208462417920.0,1.2838765144348145
