{
  "mean_reward": [
    0.49607048429424383,
    0.5468729506352774,
    0.5175392525234814,
    0.5262623013650032,
    0.5311718071836704,
    0.5379834273865852,
    0.5587325783404499,
    0.5431430335469007,
    0.566314493573158,
    0.5640750286799335,
    0.5758292976615738,
    0.6215208714732231,
    0.6045664742973785,
    0.5851638523957169,
    0.612706005671079,
    0.6182326576392397,
    0.6137580228924712,
    0.6084498755230685,
    0.6642356136177154,
    0.6546777782107979,
    0.6520118379459277,
    0.637429195497909,
    0.6289746052206051,
    0.6840335212324387,
    0.6757940886619359,
    0.7147668094732622,
    0.6795345423835442,
    0.6684562379284742,
    0.6569656420773061,
    0.7234465940180111,
    0.7054458788125801,
    0.6737966717493338,
    0.6700932401033666,
    0.6576271556547268,
    0.7080119171749794,
    0.7258317017298491,
    0.6832900046476477,
    0.729349020392313,
    0.7239699765720543,
    0.7469556134934465,
    0.7200523031268488,
    0.7302797330632279,
    0.7586544541631389,
    0.741973035549874,
    0.7078999610763994,
    0.7257355832209387,
    0.730540233003641,
    0.7427500260232661,
    0.743079872463594,
    0.7230889190662338,
    0.7560356116306163,
    0.7568506910439995,
    0.6847467988558629,
    0.742647311728997,
    0.7121524324724305,
    0.7899993964466719,
    0.7587590431715412,
    0.7822683661908945,
    0.7886871595213452,
    0.7953645832945369
  ],
  "max_reward": [
    0.6416929336649467,
    0.6878544993977511,
    0.6698803007405758,
    0.6669675877099639,
    0.6879678480625185,
    0.68454101706517,
    0.7239596992347512,
    0.7048450115689283,
    0.7391495749630003,
    0.7158856869859943,
    0.7321752107763548,
    0.7752531801780244,
    0.7507446530988325,
    0.735447145308103,
    0.7659813437232641,
    0.7553768779106652,
    0.7687259689871311,
    0.7548928263233777,
    0.8079439017776984,
    0.7975602470361511,
    0.804330386846258,
    0.7889465057442905,
    0.7745112424627181,
    0.8525314405420266,
    0.8233978359392418,
    0.8650279254449394,
    0.8337438116061449,
    0.7864533707530432,
    0.8063674243378508,
    0.8558053033112822,
    0.8512948566919426,
    0.8222505304733341,
    0.8221438078207861,
    0.8045371059062526,
    0.875339807853139,
    0.8682361350678285,
    0.8328789817499535,
    0.886077694906854,
    0.8566612585416676,
    0.9250413176784412,
    0.8566786493024913,
    0.8721724957172364,
    0.8930606713595826,
    0.8682391751538655,
    0.8645409545978432,
    0.8685331712020885,
    0.8765500257716166,
    0.8877915513212529,
    0.9019070904435322,
    0.8712378730872068,
    0.895699449441031,
    0.9117786577461402,
    0.8161702619862775,
    0.8874671510428701,
    0.8759222834257648,
    0.9174575080433027,
    0.9207443950578021,
    0.9258750246614394,
    0.9227059827130584,
    0.9402461233451823
  ],
  "min_reward": [
    0.3532984472236352,
    0.4127540788944078,
    0.3695124917315104,
    0.3804985987075843,
    0.3796144642696666,
    0.38456054936990125,
    0.4079552242109805,
    0.40028405639236436,
    0.4117122745610403,
    0.42007402475077116,
    0.43535866641336995,
    0.46385515856072074,
    0.4570918874658473,
    0.4280733616010254,
    0.44623872002379156,
    0.4694620968866538,
    0.47843833822355614,
    0.4493316949760832,
    0.5061655104404156,
    0.5027221669392358,
    0.5122979341468397,
    0.47019425881203325,
    0.4833961956378739,
    0.5286072771588735,
    0.5253075232922395,
    0.5724729678629589,
    0.5239937512676417,
    0.5024832370033252,
    0.5163163767805033,
    0.5660753500452625,
    0.5391210586702645,
    0.5187157299248057,
    0.5438168552358866,
    0.50009986789993,
    0.5523688370867569,
    0.5675808649313272,
    0.5089937118299103,
    0.5807503556337197,
    0.5746322025962288,
    0.5843261449709629,
    0.5501029177846855,
    0.5810457498138248,
    0.5939168285890309,
    0.6032500676720416,
    0.5507437065791317,
    0.5929278677328153,
    0.5872114866318253,
    0.5942966369674693,
    0.6024195628042062,
    0.5637316159140879,
    0.601984141123322,
    0.6135449242459359,
    0.5401395476971941,
    0.6043913868811834,
    0.5532722652524042,
    0.6321698835304556,
    0.6121694729072761,
    0.6331114703597984,
    0.6458918110357537,
    0.634144125551007
  ],
  "kl_divergence": [
    0.09880442662870022,
    0.10064089876433953,
    0.08589687591618972,
    0.08381009116885323,
    0.0799736213955686,
    0.07614857242316891,
    0.06656499410856344,
    0.06164308767346165,
    0.0620891837783251,
    0.0669423699830293,
    0.05246456216351123,
    0.061873710141716866,
    0.0552393376754561,
    0.04872039017088639,
    0.05856941685991118,
    0.05323709397713778,
    0.054593088441915724,
    0.03839415370783768,
    0.04356771461903951,
    0.03605404137903871,
    0.03969842019363834,
    0.03219731102536256,
    0.0334125185896476,
    0.042979818183231995,
    0.03108944501753091,
    0.029290640802777306,
    0.022514589785526652,
    0.022309083577512684,
    0.02322938465516068,
    0.02872250379554544,
    0.02672454018112881,
    0.019147280206824418,
    0.017909414989098482,
    0.015078450748265488,
    0.014108108985863914,
    0.020695148108335205,
    0.009614071726139123,
    0.008045306744847266,
    0.016656079394882114,
    0.01336092612038894,
    0.0073712826793071754,
    0.010099711195115773,
    0.010601629050088376,
    0.01038543680416429,
    0.010121535940341089,
    0.013878648227442853,
    0.014259312861457648,
    0.019017853096756708,
    0.009148922426893392,
    0.004691787082734974,
    0.01024591960244935,
    0.010324250003548228,
    0.017647001389605402,
    0.01644760425696464,
    0.009543658320541527,
    -0.0004252333595425456,
    0.010333457941286393,
    0.011367904450094685,
    0.0042327254576385335,
    0.009464110339215768
  ],
  "step": [
    0,
    1,
    2,
    3,
    4,
    5,
    6,
    7,
    8,
    9,
    10,
    11,
    12,
    13,
    14,
    15,
    16,
    17,
    18,
    19,
    20,
    21,
    22,
    23,
    24,
    25,
    26,
    27,
    28,
    29,
    30,
    31,
    32,
    33,
    34,
    35,
    36,
    37,
    38,
    39,
    40,
    41,
    42,
    43,
    44,
    45,
    46,
    47,
    48,
    49,
    50,
    51,
    52,
    53,
    54,
    55,
    56,
    57,
    58,
    59
  ]
}