{
  "train_loss": [],
  "val_loss": [],
  "learning_rate": [
    1e-05,
    9.833333333333333e-06,
    9.666666666666667e-06,
    9.5e-06,
    9.333333333333334e-06,
    9.166666666666666e-06,
    9e-06,
    8.833333333333334e-06,
    8.666666666666668e-06,
    8.5e-06,
    8.333333333333334e-06,
    8.166666666666668e-06,
    8.000000000000001e-06,
    7.833333333333333e-06,
    7.666666666666667e-06,
    7.500000000000001e-06,
    7.333333333333335e-06,
    7.166666666666667e-06,
    7e-06,
    6.833333333333334e-06,
    6.666666666666668e-06,
    6.5000000000000004e-06,
    6.333333333333333e-06,
    6.166666666666667e-06,
    6e-06,
    5.833333333333333e-06,
    5.666666666666667e-06,
    5.500000000000001e-06,
    5.333333333333334e-06,
    5.166666666666667e-06,
    5e-06,
    4.833333333333333e-06,
    4.666666666666667e-06,
    4.5e-06,
    4.333333333333334e-06,
    4.166666666666667e-06,
    4.000000000000001e-06,
    3.833333333333334e-06,
    3.6666666666666674e-06,
    3.5e-06,
    3.333333333333334e-06,
    3.1666666666666667e-06,
    3.0000000000000005e-06,
    2.8333333333333335e-06,
    2.6666666666666673e-06,
    2.5e-06,
    2.333333333333333e-06,
    2.166666666666667e-06,
    2e-06,
    1.8333333333333337e-06,
    1.6666666666666665e-06,
    1.5000000000000002e-06,
    1.3333333333333332e-06,
    1.166666666666667e-06,
    1e-06,
    8.333333333333338e-07,
    6.666666666666666e-07,
    5.000000000000005e-07,
    3.333333333333333e-07,
    1.666666666666672e-07
  ],
  "epoch": [
    0,
    0,
    0,
    0,
    0,
    0,
    0,
    0,
    0,
    0,
    0,
    0,
    0,
    0,
    0,
    0,
    0,
    0,
    0,
    0,
    1,
    1,
    1,
    1,
    1,
    1,
    1,
    1,
    1,
    1,
    1,
    1,
    1,
    1,
    1,
    1,
    1,
    1,
    1,
    1,
    2,
    2,
    2,
    2,
    2,
    2,
    2,
    2,
    2,
    2,
    2,
    2,
    2,
    2,
    2,
    2,
    2,
    2,
    2,
    2
  ],
  "step": [
    0,
    1,
    2,
    3,
    4,
    5,
    6,
    7,
    8,
    9,
    10,
    11,
    12,
    13,
    14,
    15,
    16,
    17,
    18,
    19,
    20,
    21,
    22,
    23,
    24,
    25,
    26,
    27,
    28,
    29,
    30,
    31,
    32,
    33,
    34,
    35,
    36,
    37,
    38,
    39,
    40,
    41,
    42,
    43,
    44,
    45,
    46,
    47,
    48,
    49,
    50,
    51,
    52,
    53,
    54,
    55,
    56,
    57,
    58,
    59
  ],
  "timestamp": [
    "2025-12-01T12:46:55.609768",
    "2025-12-01T12:46:55.609784",
    "2025-12-01T12:46:55.609790",
    "2025-12-01T12:46:55.609794",
    "2025-12-01T12:46:55.609799",
    "2025-12-01T12:46:55.609803",
    "2025-12-01T12:46:55.609808",
    "2025-12-01T12:46:55.609812",
    "2025-12-01T12:46:55.609816",
    "2025-12-01T12:46:55.609821",
    "2025-12-01T12:46:55.609825",
    "2025-12-01T12:46:55.609830",
    "2025-12-01T12:46:55.609834",
    "2025-12-01T12:46:55.609838",
    "2025-12-01T12:46:55.609843",
    "2025-12-01T12:46:55.609847",
    "2025-12-01T12:46:55.609851",
    "2025-12-01T12:46:55.609855",
    "2025-12-01T12:46:55.609859",
    "2025-12-01T12:46:55.609863",
    "2025-12-01T12:46:55.609868",
    "2025-12-01T12:46:55.609872",
    "2025-12-01T12:46:55.609876",
    "2025-12-01T12:46:55.609880",
    "2025-12-01T12:46:55.609884",
    "2025-12-01T12:46:55.609892",
    "2025-12-01T12:46:55.609897",
    "2025-12-01T12:46:55.609901",
    "2025-12-01T12:46:55.609905",
    "2025-12-01T12:46:55.609909",
    "2025-12-01T12:46:55.609913",
    "2025-12-01T12:46:55.609917",
    "2025-12-01T12:46:55.609921",
    "2025-12-01T12:46:55.609926",
    "2025-12-01T12:46:55.609930",
    "2025-12-01T12:46:55.609934",
    "2025-12-01T12:46:55.609938",
    "2025-12-01T12:46:55.609941",
    "2025-12-01T12:46:55.609945",
    "2025-12-01T12:46:55.609949",
    "2025-12-01T12:46:55.609954",
    "2025-12-01T12:46:55.609959",
    "2025-12-01T12:46:55.609963",
    "2025-12-01T12:46:55.609967",
    "2025-12-01T12:46:55.609971",
    "2025-12-01T12:46:55.609975",
    "2025-12-01T12:46:55.609979",
    "2025-12-01T12:46:55.609983",
    "2025-12-01T12:46:55.609987",
    "2025-12-01T12:46:55.609991",
    "2025-12-01T12:46:55.609996",
    "2025-12-01T12:46:55.610000",
    "2025-12-01T12:46:55.610004",
    "2025-12-01T12:46:55.610010",
    "2025-12-01T12:46:55.610014",
    "2025-12-01T12:46:55.610018",
    "2025-12-01T12:46:55.610023",
    "2025-12-01T12:46:55.610027",
    "2025-12-01T12:46:55.610031",
    "2025-12-01T12:46:55.610035"
  ],
  "loss": [
    0.4396246878238453,
    0.4411839032025556,
    0.4181699251472631,
    0.411255135579718,
    0.3872027834900111,
    0.39264336037988284,
    0.391562319891862,
    0.35051130047557666,
    0.3708169879342351,
    0.35484646218096727,
    0.33983554504797037,
    0.33347723826210196,
    0.31824636919151983,
    0.3021663367459867,
    0.31682745169496,
    0.2884991450841665,
    0.2891478944469407,
    0.2727516017176038,
    0.25821791001757766,
    0.2539384058312219,
    0.2695825003914498,
    0.24360176233043576,
    0.23839584613725132,
    0.24320558710667742,
    0.23561665673713092,
    0.23353830793599673,
    0.20681231891170074,
    0.18343847584231343,
    0.2171263852461006,
    0.20478235904016842,
    0.19945865674549376,
    0.18773378972031712,
    0.19191776369588262,
    0.1864111658530667,
    0.19013105354936957,
    0.16887633929902637,
    0.1586892160862688,
    0.17517233303038682,
    0.1621194954269125,
    0.148621030619868,
    0.15568219977385425,
    0.1445916711493101,
    0.12936894986756692,
    0.1275143102932214,
    0.14128840799330541,
    0.14168468641832302,
    0.13708483864560214,
    0.13256049502242703,
    0.13583150053609874,
    0.13818309837618745,
    0.13123572480157583,
    0.13266681244738565,
    0.1251480361490952,
    0.10634778268302009,
    0.11824024876479948,
    0.10781747536384714,
    0.13082266628630473,
    0.08516757939957872,
    0.11299788104145238,
    0.11856367372451919
  ],
  "mean_reward": [
    0.49607048429424383,
    0.5468729506352774,
    0.5175392525234814,
    0.5262623013650032,
    0.5311718071836704,
    0.5379834273865852,
    0.5587325783404499,
    0.5431430335469007,
    0.566314493573158,
    0.5640750286799335,
    0.5758292976615738,
    0.6215208714732231,
    0.6045664742973785,
    0.5851638523957169,
    0.612706005671079,
    0.6182326576392397,
    0.6137580228924712,
    0.6084498755230685,
    0.6642356136177154,
    0.6546777782107979,
    0.6520118379459277,
    0.637429195497909,
    0.6289746052206051,
    0.6840335212324387,
    0.6757940886619359,
    0.7147668094732622,
    0.6795345423835442,
    0.6684562379284742,
    0.6569656420773061,
    0.7234465940180111,
    0.7054458788125801,
    0.6737966717493338,
    0.6700932401033666,
    0.6576271556547268,
    0.7080119171749794,
    0.7258317017298491,
    0.6832900046476477,
    0.729349020392313,
    0.7239699765720543,
    0.7469556134934465,
    0.7200523031268488,
    0.7302797330632279,
    0.7586544541631389,
    0.741973035549874,
    0.7078999610763994,
    0.7257355832209387,
    0.730540233003641,
    0.7427500260232661,
    0.743079872463594,
    0.7230889190662338,
    0.7560356116306163,
    0.7568506910439995,
    0.6847467988558629,
    0.742647311728997,
    0.7121524324724305,
    0.7899993964466719,
    0.7587590431715412,
    0.7822683661908945,
    0.7886871595213452,
    0.7953645832945369
  ],